{
  "file": "wrestler.dat",
  "recordSize": 307,
  "recordHeader": {
    "marker": { "offset": 0, "type": "u8", "value": 52, "note": "0x34 ASCII '4'" },
    "workerId": { "offset": 1, "type": "u16le" },
    "dataStartsAt": 0
  },
  "fields": [
    { "name": "fullName", "offset": 3, "type": "ascii_fixed", "length": 25 },
    { "name": "shortName", "offset": 28, "type": "ascii_fixed", "length": 10 },

    { "name": "genderRaw", "offset": 38, "type": "u16le" },
    { "name": "birthMonthRaw", "offset": 40, "type": "u8" },
    { "name": "ageRaw", "offset": 42, "type": "u8" },
    { "name": "weightRaw", "offset": 44, "type": "u8" },

    { "name": "photoName", "offset": 45, "type": "ascii_fixed", "length": 20 },

    { "name": "wageThousandsRaw", "offset": 80, "type": "u16le" },

    { "name": "brawlingRaw", "offset": 147, "type": "u16le" },
    { "name": "technicalRaw", "offset": 149, "type": "u16le" },
    { "name": "speedRaw", "offset": 151, "type": "u16le" },
    { "name": "stiffnessRaw", "offset": 153, "type": "u16le" },
    { "name": "sellingRaw", "offset": 155, "type": "u16le" },
    { "name": "overnessRaw", "offset": 157, "type": "u16le" },
    { "name": "charismaRaw", "offset": 159, "type": "u16le" },

    { "name": "highSpotsRaw", "offset": 161, "type": "u16le" },
    { "name": "attitudeRaw", "offset": 163, "type": "u16le" },
    { "name": "shootingAbilityRaw", "offset": 165, "type": "u16le" },

    { "name": "speaksRaw", "offset": 187, "type": "u16le" },

    { "name": "primaryFinisherName", "offset": 189, "type": "ascii_fixed", "length": 25 },
    { "name": "pfTypeFlagA", "offset": 214, "type": "u16le" },
    { "name": "pfTypeFlagB", "offset": 216, "type": "u16le" },
    { "name": "pfTypeFlagC", "offset": 218, "type": "u16le" },

    { "name": "secondaryFinisherName", "offset": 220, "type": "ascii_fixed", "length": 25 },
    { "name": "sfTypeFlagA", "offset": 245, "type": "u16le" },
    { "name": "sfTypeFlagB", "offset": 247, "type": "u16le" },
    { "name": "sfTypeFlagC", "offset": 249, "type": "u16le" },

    { "name": "behaviourRaw", "offset": 255, "type": "u16le" },

    { "name": "trainerRaw", "offset": 271, "type": "u16le" },
    { "name": "superstarLookRaw", "offset": 273, "type": "u16le" },

    { "name": "nationalityRaw", "offset": 275, "type": "u8" },

    { "name": "menacingRaw", "offset": 277, "type": "u16le" },
    { "name": "fonzFactorRaw", "offset": 279, "type": "u16le" },
    { "name": "announcerRaw", "offset": 281, "type": "u16le" },
    { "name": "bookerRaw", "offset": 283, "type": "u16le" },

    { "name": "divaRaw", "offset": 293, "type": "u16le" }
  ],
  "mappings": {
    "gender": { "0": "Female", "65535": "Male" },
    "weight": { "72": "Heavyweight", "76": "Lightweight" },
    "nationality": {
      "0": "Other",
      "1": "American",
      "2": "Australian",
      "3": "British",
      "4": "Canadian",
      "5": "European",
      "6": "Japanese",
      "7": "Mexican"
    },
    "birthMonth": {
      "0": "Unknown",
      "1": "January",
      "2": "February",
      "3": "March",
      "4": "April",
      "5": "May",
      "6": "June",
      "7": "July",
      "8": "August",
      "9": "September",
      "10": "October",
      "11": "November",
      "12": "December"
    }
  },
  "notes": [
    "ID is defined by recordHeader.workerId; do not duplicate as a field to avoid overlap.",
    "Finisher type is derived from A/B/C flags; pfTypeFlagD omitted (shares offset 249 with sfTypeFlagC)."
  ]
}
